,Mean Train MSE,Std Train MSE,Mean Test MSE,Std Test MSE
Lasso alpha 0.1,76.959252193654,3.081525596114905,168.50229222603133,11.760136430901166
Lasso alpha 10,183.5187387216818,3.5926935819311443,239.99467975787155,7.838340340526913
Ridge alpha 0.1,10.720850015373273,1.193240198894373,188.37489907351818,44.78222874571169
Ridge alpha 10,60.5831868687781,1.7686803468922763,158.46448666252758,8.941253823927939
RandomForest,9.572118926947066,0.4573210918319872,119.83437990623054,10.855031469700169
MLP,14.457279151859655,0.779617465370165,133.0050391631631,16.83861321850524
